indicator,Unit,Date,Value,Date_clean,Year,Quarter
Volume,,2016,11719847.0,2016-01-01,2016,1
Volume,,2016Q1,2847438.0,2016-01-01,2016,1
Volume,,2016Q2,2884367.0,2016-04-01,2016,2
Volume,,2016Q3,3008641.0,2016-07-01,2016,3
Volume,,2016Q4,2979401.0,2016-10-01,2016,4
Volume,,2016M1,954659.0,2016-01-01,2016,1
Volume,,2016M2,951824.0,2016-02-01,2016,1
Volume,,2016M3,940955.0,2016-03-01,2016,1
Volume,,2016M4,887721.0,2016-04-01,2016,2
Volume,,2016M5,909546.0,2016-05-01,2016,2
Volume,,2016M6,1087100.0,2016-06-01,2016,2
Volume,,2016M7,970240.0,2016-07-01,2016,3
Volume,,2016M8,1071921.0,2016-08-01,2016,3
Volume,,2016M9,966480.0,2016-09-01,2016,3
Volume,,2016M10,1024100.0,2016-10-01,2016,4
Volume,,2016M11,990676.0,2016-11-01,2016,4
Volume,,2016M12,964625.0,2016-12-01,2016,4
Value (N'Billion),Billion naira,2016,5829.56,2016-01-01,2016,1
Value (N'Billion),Billion naira,2016Q1,1453.29,2016-01-01,2016,1
Value (N'Billion),Billion naira,2016Q2,1441.5,2016-04-01,2016,2
Value (N'Billion),Billion naira,2016Q3,1414.91,2016-07-01,2016,3
Value (N'Billion),Billion naira,2016Q4,1519.86,2016-10-01,2016,4
Value (N'Billion),Billion naira,2016M1,464.55,2016-01-01,2016,1
Value (N'Billion),Billion naira,2016M2,501.17,2016-02-01,2016,1
Value (N'Billion),Billion naira,2016M3,487.57,2016-03-01,2016,1
Value (N'Billion),Billion naira,2016M4,472.46,2016-04-01,2016,2
Value (N'Billion),Billion naira,2016M5,480.41,2016-05-01,2016,2
Value (N'Billion),Billion naira,2016M6,488.63,2016-06-01,2016,2
Value (N'Billion),Billion naira,2016M7,436.05,2016-07-01,2016,3
Value (N'Billion),Billion naira,2016M8,518.12,2016-08-01,2016,3
Value (N'Billion),Billion naira,2016M9,460.74,2016-09-01,2016,3
Value (N'Billion),Billion naira,2016M10,457.58,2016-10-01,2016,4
Value (N'Billion),Billion naira,2016M11,510.31,2016-11-01,2016,4
Value (N'Billion),Billion naira,2016M12,551.97,2016-12-01,2016,4
Volume,,2016,590238934.0,2016-01-01,2016,1
Volume,,2016Q1,124790186.0,2016-01-01,2016,1
Volume,,2016Q2,136390687.0,2016-04-01,2016,2
Volume,,2016Q3,153167033.0,2016-07-01,2016,3
Volume,,2016Q4,175891028.0,2016-10-01,2016,4
Volume,,2016M1,39170746.0,2016-01-01,2016,1
Volume,,2016M2,41189325.0,2016-02-01,2016,1
Volume,,2016M3,44430115.0,2016-03-01,2016,1
Volume,,2016M4,45806594.0,2016-04-01,2016,2
Volume,,2016M5,45474823.0,2016-05-01,2016,2
Volume,,2016M6,45109270.0,2016-06-01,2016,2
Volume,,2016M7,48430647.0,2016-07-01,2016,3
Volume,,2016M8,53775039.0,2016-08-01,2016,3
Volume,,2016M9,50961347.0,2016-09-01,2016,3
Volume,,2016M10,56546546.0,2016-10-01,2016,4
Volume,,2016M11,57386224.0,2016-11-01,2016,4
Volume,,2016M12,61958258.0,2016-12-01,2016,4
Value (N'Billion),Billion naira,2016M1,339.22,2016-01-01,2016,1
Value (N'Billion),Billion naira,2016M2,350.1,2016-02-01,2016,1
Value (N'Billion),Billion naira,2016M3,380.67,2016-03-01,2016,1
Value (N'Billion),Billion naira,2016M4,381.67,2016-04-01,2016,2
Value (N'Billion),Billion naira,2016M5,382.31,2016-05-01,2016,2
Value (N'Billion),Billion naira,2016M6,370.51,2016-06-01,2016,2
Value (N'Billion),Billion naira,2016M7,394.35,2016-07-01,2016,3
Value (N'Billion),Billion naira,2016M8,427.81,2016-08-01,2016,3
Value (N'Billion),Billion naira,2016M9,424.64,2016-09-01,2016,3
Value (N'Billion),Billion naira,2016M10,469.75,2016-10-01,2016,4
Value (N'Billion),Billion naira,2016M11,494.16,2016-11-01,2016,4
Value (N'Billion),Billion naira,2016M12,572.94,2016-12-01,2016,4
Value (N'Billion),Billion naira,2016Q1,1069.99,2016-01-01,2016,1
Value (N'Billion),Billion naira,2016Q2,1134.49,2016-04-01,2016,2
Value (N'Billion),Billion naira,2016Q3,1246.8,2016-07-01,2016,3
Value (N'Billion),Billion naira,2016Q4,1536.85,2016-10-01,2016,4
Value (N'Billion),Billion naira,2016,4988.13,2016-01-01,2016,1
Volume,,2016,63715203.0,2016-01-01,2016,1
Volume,,2016Q1,11745556.0,2016-01-01,2016,1
Volume,,2016Q2,13592049.0,2016-04-01,2016,2
Volume,,2016Q3,16028115.0,2016-07-01,2016,3
Volume,,2016Q4,22349483.0,2016-10-01,2016,4
Volume,,2016M1,3599828.0,2016-01-01,2016,1
Volume,,2016M2,3833884.0,2016-02-01,2016,1
Volume,,2016M3,4311844.0,2016-03-01,2016,1
Volume,,2016M4,4463599.0,2016-04-01,2016,2
Volume,,2016M5,4554184.0,2016-05-01,2016,2
Volume,,2016M6,4574266.0,2016-06-01,2016,2
Volume,,2016M7,5071228.0,2016-07-01,2016,3
Volume,,2016M8,5370856.0,2016-08-01,2016,3
Volume,,2016M9,5586031.0,2016-09-01,2016,3
Volume,,2016M10,6378199.0,2016-10-01,2016,4
Volume,,2016M11,6976520.0,2016-11-01,2016,4
Volume,,2016M12,8994764.0,2016-12-01,2016,4
Value (N'Billion),Billion naira,2016,758.99,2016-01-01,2016,1
Value (N'Billion),Billion naira,2016Q1,144.75,2016-01-01,2016,1
Value (N'Billion),Billion naira,2016Q2,163.71,2016-04-01,2016,2
Value (N'Billion),Billion naira,2016Q3,189.95,2016-07-01,2016,3
Value (N'Billion),Billion naira,2016Q4,260.58,2016-10-01,2016,4
Value (N'Billion),Billion naira,2016M1,46.65,2016-01-01,2016,1
Value (N'Billion),Billion naira,2016M2,46.14,2016-02-01,2016,1
Value (N'Billion),Billion naira,2016M3,51.96,2016-03-01,2016,1
Value (N'Billion),Billion naira,2016M4,53.28,2016-04-01,2016,2
Value (N'Billion),Billion naira,2016M5,55.14,2016-05-01,2016,2
Value (N'Billion),Billion naira,2016M6,55.29,2016-06-01,2016,2
Value (N'Billion),Billion naira,2016M7,59.4,2016-07-01,2016,3
Value (N'Billion),Billion naira,2016M8,64.11,2016-08-01,2016,3
Value (N'Billion),Billion naira,2016M9,66.44,2016-09-01,2016,3
Value (N'Billion),Billion naira,2016M10,71.81,2016-10-01,2016,4
Value (N'Billion),Billion naira,2016M11,81.15,2016-11-01,2016,4
Value (N'Billion),Billion naira,2016M12,107.62,2016-12-01,2016,4
Volume,,2016,14088247.0,2016-01-01,2016,1
Volume,,2016Q1,2728415.0,2016-01-01,2016,1
Volume,,2016Q2,2658016.0,2016-04-01,2016,2
Volume,,2016Q3,3526717.0,2016-07-01,2016,3
Volume,,2016Q4,5175099.0,2016-10-01,2016,4
Volume,,2016M1,866832.0,2016-01-01,2016,1
Volume,,2016M2,1008220.0,2016-02-01,2016,1
Volume,,2016M3,853363.0,2016-03-01,2016,1
Volume,,2016M4,934969.0,2016-04-01,2016,2
Volume,,2016M5,841026.0,2016-05-01,2016,2
Volume,,2016M6,882021.0,2016-06-01,2016,2
Volume,,2016M7,900176.0,2016-07-01,2016,3
Volume,,2016M8,1282724.0,2016-08-01,2016,3
Volume,,2016M9,1343817.0,2016-09-01,2016,3
Volume,,2016M10,1586763.0,2016-10-01,2016,4
Volume,,2016M11,1790061.0,2016-11-01,2016,4
Volume,,2016M12,1798275.0,2016-12-01,2016,4
Value (N'Billion),Billion naira,2016M1,11.29,2016-01-01,2016,1
Value (N'Billion),Billion naira,2016M2,11.13,2016-02-01,2016,1
Value (N'Billion),Billion naira,2016M3,9.27,2016-03-01,2016,1
Value (N'Billion),Billion naira,2016M4,9.04,2016-04-01,2016,2
Value (N'Billion),Billion naira,2016M5,8.66,2016-05-01,2016,2
Value (N'Billion),Billion naira,2016M6,8.57,2016-06-01,2016,2
Value (N'Billion),Billion naira,2016M7,9.07,2016-07-01,2016,3
Value (N'Billion),Billion naira,2016M8,11.28,2016-08-01,2016,3
Value (N'Billion),Billion naira,2016M9,10.41,2016-09-01,2016,3
Value (N'Billion),Billion naira,2016M10,12.36,2016-10-01,2016,4
Value (N'Billion),Billion naira,2016M11,16.52,2016-11-01,2016,4
Value (N'Billion),Billion naira,2016M12,14.75,2016-12-01,2016,4
Value (N'Billion),Billion naira,2016Q1,31.69,2016-01-01,2016,1
Value (N'Billion),Billion naira,2016Q2,26.27,2016-04-01,2016,2
Value (N'Billion),Billion naira,2016Q3,30.76,2016-07-01,2016,3
Value (N'Billion),Billion naira,2016Q4,43.63,2016-10-01,2016,4
Value (N'Billion),Billion naira,2016,132.35,2016-01-01,2016,1
Volume,,2016M1,7324984.0,2016-01-01,2016,1
Volume,,2016M2,8040852.0,2016-02-01,2016,1
Volume,,2016M3,9375944.0,2016-03-01,2016,1
Volume,,2016M4,10057459.0,2016-04-01,2016,2
Volume,,2016M5,10267793.0,2016-05-01,2016,2
Volume,,2016M6,11251309.0,2016-06-01,2016,2
Volume,,2016M7,11468647.0,2016-07-01,2016,3
Volume,,2016M8,13192675.0,2016-08-01,2016,3
Volume,,2016M9,14167649.0,2016-09-01,2016,3
Volume,,2016M10,16004072.0,2016-10-01,2016,4
Volume,,2016M11,19724557.0,2016-11-01,2016,4
Volume,,2016M12,22740509.0,2016-12-01,2016,4
Volume,,2016Q1,24741780.0,2016-01-01,2016,1
Volume,,2016Q2,31576561.0,2016-04-01,2016,2
Volume,,2016Q3,38828971.0,2016-07-01,2016,3
Volume,,2016Q4,58469138.0,2016-10-01,2016,4
Volume,,2016,153616450.0,2016-01-01,2016,1
Value (N'Billion),Billion naira,2016M1,2389.99,2016-01-01,2016,1
Value (N'Billion),Billion naira,2016M2,2499.95,2016-02-01,2016,1
Value (N'Billion),Billion naira,2016M3,2747.25,2016-03-01,2016,1
Value (N'Billion),Billion naira,2016M4,2868.29,2016-04-01,2016,2
Value (N'Billion),Billion naira,2016M5,2762.85,2016-05-01,2016,2
Value (N'Billion),Billion naira,2016M6,3096.94,2016-06-01,2016,2
Value (N'Billion),Billion naira,2016M7,2865.8,2016-07-01,2016,3
Value (N'Billion),Billion naira,2016M8,3352.57,2016-08-01,2016,3
Value (N'Billion),Billion naira,2016M9,3372.76,2016-09-01,2016,3
Value (N'Billion),Billion naira,2016M10,3657.56,2016-10-01,2016,4
Value (N'Billion),Billion naira,2016M11,4149.29,2016-11-01,2016,4
Value (N'Billion),Billion naira,2016M12,4345.83,2016-12-01,2016,4
Value (N'Billion),Billion naira,2016Q1,7637.19,2016-01-01,2016,1
Value (N'Billion),Billion naira,2016Q2,8728.08,2016-04-01,2016,2
Value (N'Billion),Billion naira,2016Q3,9591.13,2016-07-01,2016,3
Value (N'Billion),Billion naira,2016Q4,12152.68,2016-10-01,2016,4
Value (N'Billion),Billion naira,2016,38109.08,2016-01-01,2016,1
Volume,,2016M1,4409735.0,2016-01-01,2016,1
Volume,,2016M2,4522569.0,2016-02-01,2016,1
Volume,,2016M3,5159701.0,2016-03-01,2016,1
Volume,,2016M4,2857602.0,2016-04-01,2016,2
Volume,,2016M5,2852858.0,2016-05-01,2016,2
Volume,,2016M6,2933058.0,2016-06-01,2016,2
Volume,,2016M7,3405110.0,2016-07-01,2016,3
Volume,,2016M8,3742399.0,2016-08-01,2016,3
Volume,,2016M9,3718079.0,2016-09-01,2016,3
Volume,,2016M10,3738399.0,2016-10-01,2016,4
Volume,,2016M11,4889138.0,2016-11-01,2016,4
Volume,,2016M12,4824604.0,2016-12-01,2016,4
Volume,,2016Q1,14092005.0,2016-01-01,2016,1
Volume,,2016Q2,8643518.0,2016-04-01,2016,2
Volume,,2016Q3,10865588.0,2016-07-01,2016,3
Volume,,2016Q4,13452141.0,2016-10-01,2016,4
Volume,,2016,47053252.0,2016-01-01,2016,1
Value (N'Billion),Billion naira,2016Q1,135.24,2016-01-01,2016,1
Value (N'Billion),Billion naira,2016Q2,168.28,2016-04-01,2016,2
Value (N'Billion),Billion naira,2016Q3,223.06,2016-07-01,2016,3
Value (N'Billion),Billion naira,2016Q4,230.31,2016-10-01,2016,4
Value (N'Billion),Billion naira,2016,756.89,2016-01-01,2016,1
Value (N'Billion),Billion naira,2016M1,41.14,2016-01-01,2016,1
Value (N'Billion),Billion naira,2016M2,44.64,2016-02-01,2016,1
Value (N'Billion),Billion naira,2016M3,49.46,2016-03-01,2016,1
Value (N'Billion),Billion naira,2016M4,46.46,2016-04-01,2016,2
Value (N'Billion),Billion naira,2016M5,61.68,2016-05-01,2016,2
Value (N'Billion),Billion naira,2016M6,60.14,2016-06-01,2016,2
Value (N'Billion),Billion naira,2016M7,77.87,2016-07-01,2016,3
Value (N'Billion),Billion naira,2016M8,76.52,2016-08-01,2016,3
Value (N'Billion),Billion naira,2016M9,68.67,2016-09-01,2016,3
Value (N'Billion),Billion naira,2016M10,62.76,2016-10-01,2016,4
Value (N'Billion),Billion naira,2016M11,81.7,2016-11-01,2016,4
Value (N'Billion),Billion naira,2016M12,85.85,2016-12-01,2016,4
Volume,,2016,29754182.0,2016-01-01,2016,1
Volume,,2016Q1,5877038.0,2016-01-01,2016,1
Volume,,2016Q2,7132745.0,2016-04-01,2016,2
Volume,,2016Q3,9527329.0,2016-07-01,2016,3
Volume,,2016Q4,7217070.0,2016-10-01,2016,4
Volume,,2016M1,1663047.0,2016-01-01,2016,1
Volume,,2016M2,1987935.0,2016-02-01,2016,1
Volume,,2016M3,2226056.0,2016-03-01,2016,1
Volume,,2016M4,2089631.0,2016-04-01,2016,2
Volume,,2016M5,1734998.0,2016-05-01,2016,2
Volume,,2016M6,3308116.0,2016-06-01,2016,2
Volume,,2016M7,3431912.0,2016-07-01,2016,3
Volume,,2016M8,3821114.0,2016-08-01,2016,3
Volume,,2016M9,2274303.0,2016-09-01,2016,3
Volume,,2016M10,1961155.0,2016-10-01,2016,4
Volume,,2016M11,2072597.0,2016-11-01,2016,4
Volume,,2016M12,3183318.0,2016-12-01,2016,4
Value (N'Billion),Billion naira,2016,14584.74,2016-01-01,2016,1
Value (N'Billion),Billion naira,2016Q1,2757.67,2016-01-01,2016,1
Value (N'Billion),Billion naira,2016Q2,3041.67,2016-04-01,2016,2
Value (N'Billion),Billion naira,2016Q3,5460.29,2016-07-01,2016,3
Value (N'Billion),Billion naira,2016Q4,3325.11,2016-10-01,2016,4
Value (N'Billion),Billion naira,2016M1,983.68,2016-01-01,2016,1
Value (N'Billion),Billion naira,2016M2,864.09,2016-02-01,2016,1
Value (N'Billion),Billion naira,2016M3,909.9,2016-03-01,2016,1
Value (N'Billion),Billion naira,2016M4,920.33,2016-04-01,2016,2
Value (N'Billion),Billion naira,2016M5,820.0,2016-05-01,2016,2
Value (N'Billion),Billion naira,2016M6,1301.34,2016-06-01,2016,2
Value (N'Billion),Billion naira,2016M7,1870.93,2016-07-01,2016,3
Value (N'Billion),Billion naira,2016M8,2472.49,2016-08-01,2016,3
Value (N'Billion),Billion naira,2016M9,1116.87,2016-09-01,2016,3
Value (N'Billion),Billion naira,2016M10,983.73,2016-10-01,2016,4
Value (N'Billion),Billion naira,2016M11,1054.79,2016-11-01,2016,4
Value (N'Billion),Billion naira,2016M12,1286.59,2016-12-01,2016,4
Total Private Sector Credit,million naira,2016Q1,12882296.38,2016-01-01,2016,1
Total Private Sector Credit,million naira,2016Q2,15144037.09,2016-04-01,2016,2
Total Private Sector Credit,million naira,2016Q3,15787665.63,2016-07-01,2016,3
Total Private Sector Credit,million naira,2016Q4,15750048.51,2016-10-01,2016,4
Agriculture,million naira,2016Q1,485633.7,2016-01-01,2016,1
Agriculture,million naira,2016Q2,480639.2,2016-04-01,2016,2
Agriculture,million naira,2016Q3,491281.2,2016-07-01,2016,3
Agriculture,million naira,2016Q4,525945.2,2016-10-01,2016,4
Industry,million naira,2016Q1,4469225.7,2016-01-01,2016,1
Industry,million naira,2016Q2,5887747.3,2016-04-01,2016,2
Industry,million naira,2016Q3,6233423.4,2016-07-01,2016,3
Industry,million naira,2016Q4,6257223.2,2016-10-01,2016,4
Minning & Quarrying,million naira,2016Q1,11336.5,2016-01-01,2016,1
Minning & Quarrying,million naira,2016Q2,16328.4,2016-04-01,2016,2
Minning & Quarrying,million naira,2016Q3,27282.4,2016-07-01,2016,3
Minning & Quarrying,million naira,2016Q4,21283.5,2016-10-01,2016,4
Manufacturing,million naira,2016Q1,1862589.1,2016-01-01,2016,1
Manufacturing,million naira,2016Q2,2058036.9,2016-04-01,2016,2
Manufacturing,million naira,2016Q3,2130441.3,2016-07-01,2016,3
Manufacturing,million naira,2016Q4,2215741.1,2016-10-01,2016,4
Oil & Gas,million naira,2016Q1,2237712.1,2016-01-01,2016,1
Oil & Gas,million naira,2016Q2,3366153.6,2016-04-01,2016,2
Oil & Gas,million naira,2016Q3,3647251.1,2016-07-01,2016,3
Oil & Gas,million naira,2016Q4,3587904.8,2016-10-01,2016,4
"of which DownStream, Natural Gas and Crude Oil Refining",million naira,2016Q1,2237712.1,2016-01-01,2016,1
"of which DownStream, Natural Gas and Crude Oil Refining",million naira,2016Q2,3366153.6,2016-04-01,2016,2
"of which DownStream, Natural Gas and Crude Oil Refining",million naira,2016Q3,3647251.1,2016-07-01,2016,3
"of which DownStream, Natural Gas and Crude Oil Refining",million naira,2016Q4,3587904.8,2016-10-01,2016,4
Power and Energy,million naira,2016Q1,357588.0,2016-01-01,2016,1
Power and Energy,million naira,2016Q2,447228.4,2016-04-01,2016,2
Power and Energy,million naira,2016Q3,428448.6,2016-07-01,2016,3
Power and Energy,million naira,2016Q4,432293.8,2016-10-01,2016,4
of which IPP and Power Generation,million naira,2016Q1,357588.0,2016-01-01,2016,1
of which IPP and Power Generation,million naira,2016Q2,447228.4,2016-04-01,2016,2
of which IPP and Power Generation,million naira,2016Q3,428448.6,2016-07-01,2016,3
of which IPP and Power Generation,million naira,2016Q4,432293.8,2016-10-01,2016,4
Construction,million naira,2016Q1,519036.2,2016-01-01,2016,1
Construction,million naira,2016Q2,607390.3,2016-04-01,2016,2
Construction,million naira,2016Q3,631405.5,2016-07-01,2016,3
Construction,million naira,2016Q4,631092.0,2016-10-01,2016,4
Trade/General Commerce,million naira,2016Q1,950542.6,2016-01-01,2016,1
Trade/General Commerce,million naira,2016Q2,1020014.6,2016-04-01,2016,2
Trade/General Commerce,million naira,2016Q3,973006.6,2016-07-01,2016,3
Trade/General Commerce,million naira,2016Q4,984899.2,2016-10-01,2016,4
Government,million naira,2016Q1,1230301.3,2016-01-01,2016,1
Government,million naira,2016Q2,1384963.3,2016-04-01,2016,2
Government,million naira,2016Q3,1366684.4,2016-07-01,2016,3
Government,million naira,2016Q4,1361853.1,2016-10-01,2016,4
Services,million naira,2016Q1,5227556.88,2016-01-01,2016,1
Services,million naira,2016Q2,5763282.39,2016-04-01,2016,2
Services,million naira,2016Q3,6091864.53,2016-07-01,2016,3
Services,million naira,2016Q4,5989035.81,2016-10-01,2016,4
Real Estate,million naira,2016Q1,663932.91,2016-01-01,2016,1
Real Estate,million naira,2016Q2,716722.07,2016-04-01,2016,2
Real Estate,million naira,2016Q3,760234.27,2016-07-01,2016,3
Real Estate,million naira,2016Q4,791475.05,2016-10-01,2016,4
"Finance, Insurance and Capital Market",million naira,2016Q1,763054.67,2016-01-01,2016,1
"Finance, Insurance and Capital Market",million naira,2016Q2,856276.91,2016-04-01,2016,2
"Finance, Insurance and Capital Market",million naira,2016Q3,933341.93,2016-07-01,2016,3
"Finance, Insurance and Capital Market",million naira,2016Q4,937424.49,2016-10-01,2016,4
Education,million naira,2016Q1,83303.8,2016-01-01,2016,1
Education,million naira,2016Q2,87762.11,2016-04-01,2016,2
Education,million naira,2016Q3,89311.85,2016-07-01,2016,3
Education,million naira,2016Q4,87221.21,2016-10-01,2016,4
Oil & Gas,million naira,2016Q1,1032842.64,2016-01-01,2016,1
Oil & Gas,million naira,2016Q2,1136996.33,2016-04-01,2016,2
Oil & Gas,million naira,2016Q3,1200353.88,2016-07-01,2016,3
Oil & Gas,million naira,2016Q4,1267746.07,2016-10-01,2016,4
of which UpStream and Oil & Gas Services,million naira,2016Q1,1032842.6,2016-01-01,2016,1
of which UpStream and Oil & Gas Services,million naira,2016Q2,1136996.3,2016-04-01,2016,2
of which UpStream and Oil & Gas Services,million naira,2016Q3,1200353.9,2016-07-01,2016,3
of which UpStream and Oil & Gas Services,million naira,2016Q4,1267746.1,2016-10-01,2016,4
Power and Energy,million naira,2016Q1,169972.39,2016-01-01,2016,1
Power and Energy,million naira,2016Q2,237997.46,2016-04-01,2016,2
Power and Energy,million naira,2016Q3,301363.59,2016-07-01,2016,3
Power and Energy,million naira,2016Q4,293993.48,2016-10-01,2016,4
of which Power Transmission and Distribution,million naira,2016Q1,169972.39,2016-01-01,2016,1
of which Power Transmission and Distribution,million naira,2016Q2,237997.46,2016-04-01,2016,2
of which Power Transmission and Distribution,million naira,2016Q3,301363.59,2016-07-01,2016,3
of which Power Transmission and Distribution,million naira,2016Q4,293993.48,2016-10-01,2016,4
Others,million naira,2016Q1,2514450.47,2016-01-01,2016,1
Others,million naira,2016Q2,2727527.51,2016-04-01,2016,2
Others,million naira,2016Q3,2807259.01,2016-07-01,2016,3
Others,million naira,2016Q4,2611175.51,2016-10-01,2016,4
of which : General,million naira,2016Q1,1295464.15,2016-01-01,2016,1
of which : General,million naira,2016Q2,1326067.15,2016-04-01,2016,2
of which : General,million naira,2016Q3,1390094.02,2016-07-01,2016,3
of which : General,million naira,2016Q4,1314483.44,2016-10-01,2016,4
of which : Information & Communication,million naira,2016Q1,829440.86,2016-01-01,2016,1
of which : Information & Communication,million naira,2016Q2,944571.11,2016-04-01,2016,2
of which : Information & Communication,million naira,2016Q3,957940.65,2016-07-01,2016,3
of which : Information & Communication,million naira,2016Q4,845936.38,2016-10-01,2016,4
of which : Transportation & Storage,million naira,2016Q1,389545.46,2016-01-01,2016,1
of which : Transportation & Storage,million naira,2016Q2,456889.25,2016-04-01,2016,2
of which : Transportation & Storage,million naira,2016Q3,459224.34,2016-07-01,2016,3
of which : Transportation & Storage,million naira,2016Q4,450755.69,2016-10-01,2016,4
Total,US dollar,2016Q1,710966584.36,2016-01-01,2016,1
Total,US dollar,2016Q2,1042169923.14,2016-04-01,2016,2
Total,US dollar,2016Q3,1822115532.46,2016-07-01,2016,3
Total,US dollar,2016Q4,1559202325.06,2016-10-01,2016,4
Foreign Direct Investment - Equity,US dollar,2016Q1,173729576.93,2016-01-01,2016,1
Foreign Direct Investment - Equity,US dollar,2016Q2,184206657.82,2016-04-01,2016,2
Foreign Direct Investment - Equity,US dollar,2016Q3,340639794.75,2016-07-01,2016,3
Foreign Direct Investment - Equity,US dollar,2016Q4,344566742.67,2016-10-01,2016,4
Foreign Direct Investment - Other capital,US dollar,2016Q1,726183.52,2016-01-01,2016,1
Foreign Direct Investment - Other capital,US dollar,2016Q2,83102.71,2016-04-01,2016,2
Foreign Direct Investment - Other capital,US dollar,2016Q4,65550.0,2016-10-01,2016,4
Portfolio Investment - Equity,US dollar,2016Q1,201686057.76,2016-01-01,2016,1
Portfolio Investment - Equity,US dollar,2016Q2,279805187.35,2016-04-01,2016,2
Portfolio Investment - Equity,US dollar,2016Q3,201117566.41,2016-07-01,2016,3
Portfolio Investment - Equity,US dollar,2016Q4,176444822.22,2016-10-01,2016,4
Portfolio Investment - Bonds,US dollar,2016Q1,1499990.0,2016-01-01,2016,1
Portfolio Investment - Bonds,US dollar,2016Q3,368999999.96,2016-07-01,2016,3
Portfolio Investment - Bonds,US dollar,2016Q4,25399970.0,2016-10-01,2016,4
Portfolio Investment - Money market instruments,US dollar,2016Q1,67846626.13,2016-01-01,2016,1
Portfolio Investment - Money market instruments,US dollar,2016Q2,57500990.0,2016-04-01,2016,2
Portfolio Investment - Money market instruments,US dollar,2016Q3,350198312.89,2016-07-01,2016,3
Portfolio Investment - Money market instruments,US dollar,2016Q4,82371927.9,2016-10-01,2016,4
Other Investments - Trade credits,US dollar,2016Q4,160000.0,2016-10-01,2016,4
Other Investments - Loans,US dollar,2016Q1,241813434.46,2016-01-01,2016,1
Other Investments - Loans,US dollar,2016Q2,520190363.45,2016-04-01,2016,2
Other Investments - Loans,US dollar,2016Q3,561100156.96,2016-07-01,2016,3
Other Investments - Loans,US dollar,2016Q4,927333011.33,2016-10-01,2016,4
Other Investments - Currency deposits,US dollar,2016Q4,27520.0,2016-10-01,2016,4
Other Investments - Other claims,US dollar,2016Q1,23664715.56,2016-01-01,2016,1
Other Investments - Other claims,US dollar,2016Q2,383621.81,2016-04-01,2016,2
Other Investments - Other claims,US dollar,2016Q3,59701.49,2016-07-01,2016,3
Other Investments - Other claims,US dollar,2016Q4,2832780.94,2016-10-01,2016,4
Total Banks,Number,2016Q1,81122.0,2016-01-01,2016,1
Total Banks,Number,2016Q2,78563.0,2016-04-01,2016,2
Total Banks,Number,2016Q3,82540.0,2016-07-01,2016,3
Total Banks,Number,2016Q4,76812.0,2016-10-01,2016,4
Executive Staff,Number,2016Q1,176.0,2016-01-01,2016,1
Executive Staff,Number,2016Q2,175.0,2016-04-01,2016,2
Executive Staff,Number,2016Q3,183.0,2016-07-01,2016,3
Executive Staff,Number,2016Q4,177.0,2016-10-01,2016,4
Senior Staff,Number,2016Q1,21099.0,2016-01-01,2016,1
Senior Staff,Number,2016Q2,20994.0,2016-04-01,2016,2
Senior Staff,Number,2016Q3,21314.0,2016-07-01,2016,3
Senior Staff,Number,2016Q4,20358.0,2016-10-01,2016,4
Junior Staff,Number,2016Q1,37271.0,2016-01-01,2016,1
Junior Staff,Number,2016Q2,35961.0,2016-04-01,2016,2
Junior Staff,Number,2016Q3,37822.0,2016-07-01,2016,3
Junior Staff,Number,2016Q4,35062.0,2016-10-01,2016,4
Contract Staff,Number,2016Q1,22576.0,2016-01-01,2016,1
Contract Staff,Number,2016Q2,21433.0,2016-04-01,2016,2
Contract Staff,Number,2016Q3,23221.0,2016-07-01,2016,3
Contract Staff,Number,2016Q4,21215.0,2016-10-01,2016,4
Merchant Banks,Number,2016Q1,293.0,2016-01-01,2016,1
Merchant Banks,Number,2016Q2,313.0,2016-04-01,2016,2
Merchant Banks,Number,2016Q3,367.0,2016-07-01,2016,3
Merchant Banks,Number,2016Q4,368.0,2016-10-01,2016,4
Executive Staff,Number,2016Q1,6.0,2016-01-01,2016,1
Executive Staff,Number,2016Q2,6.0,2016-04-01,2016,2
Executive Staff,Number,2016Q3,12.0,2016-07-01,2016,3
Executive Staff,Number,2016Q4,14.0,2016-10-01,2016,4
Senior Staff,Number,2016Q1,129.0,2016-01-01,2016,1
Senior Staff,Number,2016Q2,131.0,2016-04-01,2016,2
Senior Staff,Number,2016Q3,147.0,2016-07-01,2016,3
Senior Staff,Number,2016Q4,144.0,2016-10-01,2016,4
Junior Staff,Number,2016Q1,136.0,2016-01-01,2016,1
Junior Staff,Number,2016Q2,146.0,2016-04-01,2016,2
Junior Staff,Number,2016Q3,178.0,2016-07-01,2016,3
Junior Staff,Number,2016Q4,180.0,2016-10-01,2016,4
Contract Staff,Number,2016Q1,22.0,2016-01-01,2016,1
Contract Staff,Number,2016Q2,30.0,2016-04-01,2016,2
Contract Staff,Number,2016Q3,30.0,2016-07-01,2016,3
Contract Staff,Number,2016Q4,30.0,2016-10-01,2016,4
Commercial Banks + Non Interest Banks,Number,2016Q1,80829.0,2016-01-01,2016,1
Commercial Banks + Non Interest Banks,Number,2016Q2,78250.0,2016-04-01,2016,2
Commercial Banks + Non Interest Banks,Number,2016Q3,82173.0,2016-07-01,2016,3
Commercial Banks + Non Interest Banks,Number,2016Q4,76444.0,2016-10-01,2016,4
Executive Staff,Number,2016Q1,170.0,2016-01-01,2016,1
Executive Staff,Number,2016Q2,169.0,2016-04-01,2016,2
Executive Staff,Number,2016Q3,171.0,2016-07-01,2016,3
Executive Staff,Number,2016Q4,163.0,2016-10-01,2016,4
Senior Staff,Number,2016Q1,20970.0,2016-01-01,2016,1
Senior Staff,Number,2016Q2,20863.0,2016-04-01,2016,2
Senior Staff,Number,2016Q3,21167.0,2016-07-01,2016,3
Senior Staff,Number,2016Q4,20214.0,2016-10-01,2016,4
Junior Staff,Number,2016Q1,37135.0,2016-01-01,2016,1
Junior Staff,Number,2016Q2,35815.0,2016-04-01,2016,2
Junior Staff,Number,2016Q3,37644.0,2016-07-01,2016,3
Junior Staff,Number,2016Q4,34882.0,2016-10-01,2016,4
Contract Staff,Number,2016Q1,22554.0,2016-01-01,2016,1
Contract Staff,Number,2016Q2,21403.0,2016-04-01,2016,2
Contract Staff,Number,2016Q3,23191.0,2016-07-01,2016,3
Contract Staff,Number,2016Q4,21185.0,2016-10-01,2016,4
